Model,R2,MAE,MSE,RMSE
Linear Regression,0.35187396458933384,8751.515027872092,141853699.319773,11910.23506568082
Ridge,0.3517948695871187,8748.034627463801,141871010.64202964,11910.961784928606
Lasso,0.35202506371006426,8746.816613261135,141820628.6389663,11908.84665443998
Decision Tree,0.6763595717158388,4852.6291430767815,70834358.58652814,8416.315024197236
Random Forest,0.7815546459379593,3838.2706820785875,47810579.85625262,6914.519495688231
