Model,R2,MAE,MSE,RMSE
RandomForest (Tuned),0.7191267073853276,4166.259345735516,59922806.292510904,7740.9822563103
